indice,pergunta,contexto,resposta_esperada,antes,depois_epoca_1,depois_epoca_2,depois_epoca_3
233,Quais são algumas boas estratégias para usar ao negociar preços?,,"Ao negociar preços, algumas boas estratégias a serem usadas incluem: determinar seu orçamento antes de começar a negociar, pesquisar a taxa de mercado para o item ou serviço, ficar calmo e respeitoso, entender as necessidades da outra parte, encontrar um terreno comum para se concentrar e apresentar alternativas aceitáveis. Também é importante estar sempre preparado para sair se você não puder chegar a um acordo.","A resposta é que a oferta não pode ser vendida, e sim negociada.

O preço de um bem negociado é o preço do bem em questão (ou seja, da quantidade comprada).

Para uma boa negociação, os valores dos bens negociáveis devem estar entre 1% e 5%.

Se você quer comprar um bem, ele deve ter valor suficiente para satisfazer as necessidades básicas","As melhores ações que podem ser tomadas em negociações de preço incluem a compra ou venda do bem, o pagamento antecipado e os recursos necessários.","As melhores ações de negociação do mercado estão em negociações com clientes, fornecedores e parceiros. As empresas podem oferecer uma variedade variada ofertas que incluem produtos ou serviços variados como jogos eletrônicos; aplicativos comerciais voltados a negócios corporativos (como o serviço da marca); publicidade corporativo direcionada à indústria automotiva comercial tradicional - incluindo anúncios on-line relacionados aos mercados emergentes – além disso oferecendo um amplo leque de opções oferecidas por meio dos","As melhores ações de negociação do mercado estão em oferecer uma variedade variada ofertas, incluindo negociações com clientes e fornecedores. As empresas podem fornecer um serviço gratuito ou grátis que permite aos seus funcionários a comprarem produtos selecionados por meio da venda online sem precisar pagar taxas adicionais (por exemplo vendendo itens exclusivos). Além disso as equipes devem garantir o atendimento adequado às necessidades dos consumidores durante os meses finais antes das vendas serem realizadas"
1004,Preveja se a cotação dada será bem sucedida no mercado.,Citação: “Seja a mudança que você quer ver no mundo”.,positivo,"Requisitos de validação :

A prova é feita por meio da seguinte fórmula:

formula_1

onde formula_2 representa o número de erros e formula_3 denota o erro.
O algoritmo pode ser usado para calcular a média aritmética dos números inteiros positivos ou negativos, como em:
formula-1
formula–1
Onde formula_4 representa o erro e","O resultado do processo de compra e venda é um aumento significativo na procura por produtos, serviços ou itens em geral para satisfazer as necessidades dos clientes; o preço da oferta também aumenta significativamente nos mercados consumidores mais amplos como os EUA (EUA) e Canadá onde há uma maior demanda crescente pelo produto interno bruto devido à alta taxa de crescimento econômico global.","A alteração é muito boa, mas não significa necessariamente uma melhoria em qualidade de vida ou um aumento na produtividade do produto.”","O resultado do desenvolvimento da tecnologia de comunicação pode ser bom, mas o custo é alto e os dados são difíceis para serem processados por equipes envolvidas em tarefas específicas ou com uma equipe especializada na tarefa exata — especialmente quando as empresas estão tentando encontrar soluções inovadoras ao problema específico dos clientes mais comuns à empresa (por exemplo)."
745,Compor um e-mail para a equipe de marketing dizendo-lhes sobre um novo recurso que foi adicionado ao produto.,,"Querida equipe de marketing, estamos entusiasmados em anunciar que agora adicionamos um novo recurso ao nosso produto! Este novo recurso foi projetado para melhorar a experiência do usuário e tornar ainda mais fácil para eles realizar suas tarefas. Esperamos que ele tenha um grande impacto na satisfação do cliente e é algo que achamos que nossos usuários vão adorar. Obrigado por seu suporte contínuo, equipe XYZ","Requisitos da equipe do marketing são enviados à equipe de desenvolvimento, onde eles podem ser usados ​​para criar uma nova aplicação ou melhorar o desempenho do produto. Os desenvolvedores também devem fornecer feedback positivo sobre o novo recurso.
A empresa pode então enviar os resultados dos testes com uma mensagem simples como ""Este recurso é ótimo"".

O processo de seleção de recursos na web é semelhante aos processos de","Um serviço semelhante é chamado ""Stop"" ou ""smartphone"". O objetivo do site, no entanto, era criar uma experiência mais interativa com o uso da tecnologia Smartphones em seus dispositivos móveis sem fio (como smartphones).","Um serviço oferecido por uma empresa pode ser fornecido gratuitamente ou grátis, oferecendo serviços como compras online com preços baixos em lojas virtuais (como Amazon). O conteúdo do site também permite aos usuários criar perfis personalizados usando o perfil desejado no aplicativo oficial da empresa; os dados podem ajudar na busca dos clientes mais bem pagos pela compra direta sem precisar comprar qualquer item específico diretamente dele - esses são alguns exemplos incluem anúncios","O aplicativo permite aos clientes criar perfis personalizados, enviar mensagens ou receber avisos quando estão em uma situação difícil com o objetivo do cliente escolherem se tornar mais eficaz no atendimento à empresa oferecendo serviços gratuitos às suas necessidades diárias (como compras). Além disso os usuários podem adicionar anúncios relacionados diretamente na página da loja através dos links neles enviados por telefone celular sem precisar fazer qualquer tipo de ligação direta entre eles sozinhos;"
461,Desenhe um plano para otimizar o site da empresa.,,"Um plano abrangente para otimizar o site da empresa inclui realizar uma auditoria de SEO, melhorar o conteúdo do site, otimizar imagens e vídeos, otimizar a velocidade do site, usar software de rastreamento de análise e campanhas de marketing.","O site é projetado para ser uma plataforma de busca e desenvolvimento, onde os usuários podem criar perfis pessoais ou postar em seu perfil no Facebook, Twitter, Instagram, ou qualquer outro website que ofereça serviços como ""smartphones"" (como o Google Maps) ou ""tablets"".

A plataforma permite aos usuários adicionar novos perfis a seus amigos através do Facebook, por meio dos perfis","O objetivo do site é melhorar a qualidade de atendimento e oferecer uma experiência mais agradável ao cliente, oferecendo serviços personalizados que atendem às necessidades dos clientes em geral ou com base no feedback positivo das pessoas envolvidas na organização social corporativa (e também fornecendo informações sobre os produtos oferecidos).","O objetivo do marketing viral é criar uma imagem positiva e atraente que possa ser vista por todos os públicos, incluindo aqueles com necessidades especiais ou de alta renda social; também pode ajudar a promover produtos relacionados à marca em geral como alimentos congelados (como geleias), bebidas energéticas quentes/ frias etc.; além disso fornecer informações sobre as tendências atuais dos consumidores ao longo das páginas podendo oferecer dicas gerais detalhadas quanto aos","O objetivo do website é melhorar a qualidade de atendimento e oferecer uma experiência mais ampla que os clientes podem ter em suas vidas diárias, oferecendo aos seus colaboradores ferramentas integradas com foco no desenvolvimento pessoal ou profissional ao longo dos anos!"
933,"Calcule o custo total dos itens abaixo, supondo que cada item seja comprado nas quantidades listadas.","Apple - 2 kg a US $ 4 / kg; Laranja - 5 a US $ 1,50 cada",$14,"Pergunta - 3 kg aUS $ 6 / kg


O custo total de um item é igual ao custo do item em questão (a soma das duas últimas).

A soma da soma das três últimas resulta na soma do custo total do item e do custo do valor adicionado à soma do item.
O valor adicionado pela soma do valor acrescentado à soma da quantidade total do",O valor do produto acima é de aproximadamente ¥ 3/4 (US$).,O preço de um item acima é estimado em cerca de US$ 500 por ano e pode ser ajustado para refletir as mudanças no mercado global do produto ou da empresa envolvidas na compra das mercadorias ao longo do tempo (ex.: lojas online).,O preço de um item acima é tipicamente entre 3 e 6 dólares por unidade (US$1).
